customer_id,full_name,yyyymm,salary_credits
1,Priya Nair,2024-03,120000
1,Priya Nair,2024-04,52000
1,Priya Nair,2024-05,32000
1,Priya Nair,2024-06,100000
1,Priya Nair,2024-08,120000
1,Priya Nair,2024-09,51000
1,Priya Nair,2024-12,50000
1,Priya Nair,2025-01,20000
1,Priya Nair,2025-02,1000
1,Priya Nair,2025-03,26000
1,Priya Nair,2025-04,35000
1,Priya Nair,2025-05,111000
1,Priya Nair,2025-06,52000
1,Priya Nair,2025-07,53000
1,Priya Nair,2025-08,4000
2,Rhea Menon,2024-03,101000
2,Rhea Menon,2024-04,11000
2,Rhea Menon,2024-06,10000
2,Rhea Menon,2024-07,20000
2,Rhea Menon,2024-08,16000
2,Rhea Menon,2024-10,11000
2,Rhea Menon,2024-11,50000
2,Rhea Menon,2025-04,50000
2,Rhea Menon,2025-05,10000
2,Rhea Menon,2025-06,2000
2,Rhea Menon,2025-07,60000
3,Kiran Das,2024-03,127000
3,Kiran Das,2024-04,60000
3,Kiran Das,2024-05,62000
3,Kiran Das,2024-06,20000
3,Kiran Das,2024-07,30000
3,Kiran Das,2024-08,70000
3,Kiran Das,2024-09,50000
3,Kiran Das,2024-10,75000
3,Kiran Das,2024-11,42000
3,Kiran Das,2024-12,10000
3,Kiran Das,2025-01,90000
3,Kiran Das,2025-02,50000
3,Kiran Das,2025-03,22000
3,Kiran Das,2025-04,2000
3,Kiran Das,2025-05,40000
3,Kiran Das,2025-06,150000
3,Kiran Das,2025-07,100000
3,Kiran Das,2025-08,170000
4,Ishaan Reddy,2024-03,15000
4,Ishaan Reddy,2024-04,150000
4,Ishaan Reddy,2024-05,122000
4,Ishaan Reddy,2024-06,20000
4,Ishaan Reddy,2024-07,12000
4,Ishaan Reddy,2024-08,70000
4,Ishaan Reddy,2024-10,120000
4,Ishaan Reddy,2024-11,4000
4,Ishaan Reddy,2024-12,72000
4,Ishaan Reddy,2025-01,1000
4,Ishaan Reddy,2025-02,73000
4,Ishaan Reddy,2025-03,70000
4,Ishaan Reddy,2025-04,42000
4,Ishaan Reddy,2025-05,8000
4,Ishaan Reddy,2025-06,72000
4,Ishaan Reddy,2025-07,42000
4,Ishaan Reddy,2025-08,190000
6,Rhea Pillai,2024-03,5000
6,Rhea Pillai,2024-04,10000
6,Rhea Pillai,2024-05,1000
6,Rhea Pillai,2024-08,20000
6,Rhea Pillai,2024-09,22000
6,Rhea Pillai,2024-10,51000
6,Rhea Pillai,2025-02,30000
6,Rhea Pillai,2025-03,70000
6,Rhea Pillai,2025-05,70000
6,Rhea Pillai,2025-08,20000
7,Ishaan Sharma,2024-03,270000
7,Ishaan Sharma,2024-04,430000
7,Ishaan Sharma,2024-05,71000
7,Ishaan Sharma,2024-06,60000
7,Ishaan Sharma,2024-07,50000
7,Ishaan Sharma,2024-08,30000
7,Ishaan Sharma,2024-09,31000
7,Ishaan Sharma,2024-10,122000
7,Ishaan Sharma,2024-11,10000
7,Ishaan Sharma,2024-12,41000
7,Ishaan Sharma,2025-01,91000
7,Ishaan Sharma,2025-02,20000
7,Ishaan Sharma,2025-03,80000
7,Ishaan Sharma,2025-04,176000
7,Ishaan Sharma,2025-05,72000
7,Ishaan Sharma,2025-07,90000
7,Ishaan Sharma,2025-08,164000
8,Sneha Kapoor,2024-03,50000
8,Sneha Kapoor,2024-04,140000
8,Sneha Kapoor,2024-06,21000
8,Sneha Kapoor,2024-11,50000
8,Sneha Kapoor,2024-12,5000
8,Sneha Kapoor,2025-03,35000
8,Sneha Kapoor,2025-04,20000
8,Sneha Kapoor,2025-06,20000
8,Sneha Kapoor,2025-07,10000
8,Sneha Kapoor,2025-08,50000
9,Kiran Mukherjee,2024-03,20000
9,Kiran Mukherjee,2024-04,150000
9,Kiran Mukherjee,2024-05,80000
9,Kiran Mukherjee,2024-07,1000
9,Kiran Mukherjee,2024-09,1000
9,Kiran Mukherjee,2024-10,20000
9,Kiran Mukherjee,2024-12,2000
9,Kiran Mukherjee,2025-02,5000
9,Kiran Mukherjee,2025-05,2000
9,Kiran Mukherjee,2025-07,5000
11,Priya Verma,2024-06,100000
11,Priya Verma,2024-07,102000
11,Priya Verma,2024-09,5000
11,Priya Verma,2024-10,1000
11,Priya Verma,2024-11,3000
11,Priya Verma,2025-01,41000
11,Priya Verma,2025-03,5000
11,Priya Verma,2025-04,4000
11,Priya Verma,2025-05,10000
11,Priya Verma,2025-06,90000
12,Sneha Nair,2024-03,12000
12,Sneha Nair,2024-04,50000
12,Sneha Nair,2024-05,30000
12,Sneha Nair,2024-09,50000
12,Sneha Nair,2024-10,50000
12,Sneha Nair,2024-11,2000
12,Sneha Nair,2025-01,35000
12,Sneha Nair,2025-02,10000
12,Sneha Nair,2025-04,100000
12,Sneha Nair,2025-05,10000
12,Sneha Nair,2025-06,5000
13,Rhea Patel,2024-03,30000
13,Rhea Patel,2024-05,92000
13,Rhea Patel,2024-06,52000
13,Rhea Patel,2024-07,2000
13,Rhea Patel,2024-08,1000
13,Rhea Patel,2024-10,20000
13,Rhea Patel,2024-12,45000
13,Rhea Patel,2025-01,50000
13,Rhea Patel,2025-02,2000
13,Rhea Patel,2025-04,1000
13,Rhea Patel,2025-05,70000
13,Rhea Patel,2025-07,1000
13,Rhea Patel,2025-08,30000
14,Rhea Rastogi,2024-05,35000
14,Rhea Rastogi,2024-06,31000
14,Rhea Rastogi,2024-07,20000
14,Rhea Rastogi,2024-08,4000
14,Rhea Rastogi,2024-10,2000
14,Rhea Rastogi,2024-12,2000
14,Rhea Rastogi,2025-01,72000
14,Rhea Rastogi,2025-03,2000
14,Rhea Rastogi,2025-04,55000
14,Rhea Rastogi,2025-06,70000
14,Rhea Rastogi,2025-08,1000
15,Arjun Kapoor,2024-03,100000
15,Arjun Kapoor,2024-06,60000
15,Arjun Kapoor,2024-09,50000
15,Arjun Kapoor,2024-10,70000
15,Arjun Kapoor,2024-11,10000
15,Arjun Kapoor,2025-03,45000
15,Arjun Kapoor,2025-04,70000
15,Arjun Kapoor,2025-08,1000
16,Priya Mukherjee,2024-03,90000
16,Priya Mukherjee,2024-04,36000
16,Priya Mukherjee,2024-07,2000
16,Priya Mukherjee,2024-08,2000
16,Priya Mukherjee,2024-09,20000
16,Priya Mukherjee,2024-10,60000
16,Priya Mukherjee,2024-11,1000
16,Priya Mukherjee,2024-12,55000
16,Priya Mukherjee,2025-01,85000
16,Priya Mukherjee,2025-03,2000
16,Priya Mukherjee,2025-05,10000
16,Priya Mukherjee,2025-06,190000
16,Priya Mukherjee,2025-07,57000
16,Priya Mukherjee,2025-08,10000
17,Ishaan Pillai,2024-03,227000
17,Ishaan Pillai,2024-04,51000
17,Ishaan Pillai,2024-05,70000
17,Ishaan Pillai,2024-06,240000
17,Ishaan Pillai,2024-07,150000
17,Ishaan Pillai,2024-08,75000
17,Ishaan Pillai,2024-09,95000
17,Ishaan Pillai,2024-10,65000
17,Ishaan Pillai,2024-11,31000
17,Ishaan Pillai,2024-12,60000
17,Ishaan Pillai,2025-01,11000
17,Ishaan Pillai,2025-02,10000
17,Ishaan Pillai,2025-03,80000
17,Ishaan Pillai,2025-04,90000
17,Ishaan Pillai,2025-06,112000
17,Ishaan Pillai,2025-07,125000
17,Ishaan Pillai,2025-08,71000
18,Priya Mukherjee,2024-03,20000
18,Priya Mukherjee,2024-04,50000
18,Priya Mukherjee,2024-05,50000
18,Priya Mukherjee,2024-08,2000
18,Priya Mukherjee,2024-10,50000
18,Priya Mukherjee,2024-12,20000
18,Priya Mukherjee,2025-04,30000
18,Priya Mukherjee,2025-05,122000
18,Priya Mukherjee,2025-06,10000
18,Priya Mukherjee,2025-07,30000
18,Priya Mukherjee,2025-08,61000
19,Sneha Iyer,2024-05,50000
19,Sneha Iyer,2024-06,10000
19,Sneha Iyer,2024-08,25000
19,Sneha Iyer,2024-11,20000
19,Sneha Iyer,2024-12,5000
19,Sneha Iyer,2025-04,70000
19,Sneha Iyer,2025-05,30000
19,Sneha Iyer,2025-06,30000
19,Sneha Iyer,2025-08,81000
20,Ishaan Verma,2024-03,70000
20,Ishaan Verma,2024-04,152000
20,Ishaan Verma,2024-06,150000
20,Ishaan Verma,2024-07,230000
20,Ishaan Verma,2024-08,75000
20,Ishaan Verma,2024-09,171000
20,Ishaan Verma,2024-10,132000
20,Ishaan Verma,2024-11,105000
20,Ishaan Verma,2024-12,29000
20,Ishaan Verma,2025-01,40000
20,Ishaan Verma,2025-02,13000
20,Ishaan Verma,2025-03,31000
20,Ishaan Verma,2025-06,10000
20,Ishaan Verma,2025-07,45000
20,Ishaan Verma,2025-08,80000
21,Maya Gupta,2024-03,80000
21,Maya Gupta,2024-05,140000
21,Maya Gupta,2024-06,71000
21,Maya Gupta,2024-07,50000
21,Maya Gupta,2024-12,50000
21,Maya Gupta,2025-01,70000
21,Maya Gupta,2025-04,20000
21,Maya Gupta,2025-07,72000
21,Maya Gupta,2025-08,10000
22,Vikram Mukherjee,2024-03,47000
22,Vikram Mukherjee,2024-04,50000
22,Vikram Mukherjee,2024-06,51000
22,Vikram Mukherjee,2024-08,20000
22,Vikram Mukherjee,2024-09,80000
22,Vikram Mukherjee,2024-10,20000
22,Vikram Mukherjee,2024-11,37000
22,Vikram Mukherjee,2025-01,51000
22,Vikram Mukherjee,2025-02,39000
22,Vikram Mukherjee,2025-03,120000
22,Vikram Mukherjee,2025-04,2000
22,Vikram Mukherjee,2025-05,100000
22,Vikram Mukherjee,2025-06,85000
22,Vikram Mukherjee,2025-07,12000
22,Vikram Mukherjee,2025-08,75000
23,Sneha Pillai,2024-03,5000
23,Sneha Pillai,2024-04,10000
23,Sneha Pillai,2024-07,10000
23,Sneha Pillai,2025-01,30000
23,Sneha Pillai,2025-02,2000
23,Sneha Pillai,2025-03,70000
23,Sneha Pillai,2025-04,2000
23,Sneha Pillai,2025-05,60000
23,Sneha Pillai,2025-08,2000
24,Ishaan Das,2024-03,100000
24,Ishaan Das,2024-06,7000
24,Ishaan Das,2024-07,71000
24,Ishaan Das,2024-09,2000
24,Ishaan Das,2024-10,2000
24,Ishaan Das,2024-11,90000
24,Ishaan Das,2024-12,10000
24,Ishaan Das,2025-02,10000
24,Ishaan Das,2025-03,50000
24,Ishaan Das,2025-04,5000
24,Ishaan Das,2025-05,50000
24,Ishaan Das,2025-06,2000
24,Ishaan Das,2025-08,80000
25,Deepak Nair,2024-03,91000
25,Deepak Nair,2024-04,23000
25,Deepak Nair,2024-05,80000
25,Deepak Nair,2024-06,17000
25,Deepak Nair,2024-07,30000
25,Deepak Nair,2024-08,2000
25,Deepak Nair,2024-09,11000
25,Deepak Nair,2024-10,71000
25,Deepak Nair,2024-11,5000
25,Deepak Nair,2024-12,31000
25,Deepak Nair,2025-01,120000
25,Deepak Nair,2025-03,12000
25,Deepak Nair,2025-05,5000
25,Deepak Nair,2025-06,1000
25,Deepak Nair,2025-07,20000
25,Deepak Nair,2025-08,50000
26,Rhea Reddy,2024-03,17000
26,Rhea Reddy,2024-05,140000
26,Rhea Reddy,2024-08,30000
26,Rhea Reddy,2024-10,6000
26,Rhea Reddy,2024-11,10000
26,Rhea Reddy,2024-12,72000
26,Rhea Reddy,2025-04,30000
26,Rhea Reddy,2025-05,6000
26,Rhea Reddy,2025-07,100000
27,Rahul Patel,2024-03,20000
27,Rahul Patel,2024-04,125000
27,Rahul Patel,2024-05,2000
27,Rahul Patel,2024-08,79000
27,Rahul Patel,2024-09,2000
27,Rahul Patel,2024-10,102000
27,Rahul Patel,2024-11,71000
27,Rahul Patel,2025-01,65000
27,Rahul Patel,2025-02,50000
27,Rahul Patel,2025-03,30000
27,Rahul Patel,2025-04,92000
27,Rahul Patel,2025-05,190000
27,Rahul Patel,2025-07,1000
27,Rahul Patel,2025-08,30000
27,Rahul Patel,2025-09,10000
28,Ritika Reddy,2024-03,10000
28,Ritika Reddy,2024-04,2000
28,Ritika Reddy,2024-06,50000
28,Ritika Reddy,2024-07,80000
28,Ritika Reddy,2024-11,25000
28,Ritika Reddy,2025-01,50000
28,Ritika Reddy,2025-02,80000
28,Ritika Reddy,2025-03,2000
28,Ritika Reddy,2025-05,10000
28,Ritika Reddy,2025-07,30000
29,Rhea Banerjee,2024-03,15000
29,Rhea Banerjee,2024-04,10000
29,Rhea Banerjee,2024-05,10000
29,Rhea Banerjee,2024-08,51000
29,Rhea Banerjee,2024-10,70000
29,Rhea Banerjee,2024-11,30000
29,Rhea Banerjee,2025-01,5000
29,Rhea Banerjee,2025-04,21000
29,Rhea Banerjee,2025-05,71000
29,Rhea Banerjee,2025-06,55000
29,Rhea Banerjee,2025-08,60000
30,Neha Iyer,2024-03,55000
30,Neha Iyer,2024-06,30000
30,Neha Iyer,2024-07,1000
30,Neha Iyer,2024-09,30000
30,Neha Iyer,2024-11,100000
30,Neha Iyer,2024-12,1000
30,Neha Iyer,2025-01,1000
30,Neha Iyer,2025-02,52000
30,Neha Iyer,2025-03,2000
30,Neha Iyer,2025-04,15000
30,Neha Iyer,2025-05,5000
30,Neha Iyer,2025-06,6000
30,Neha Iyer,2025-07,4000
30,Neha Iyer,2025-08,20000
31,Ananya Yadav,2024-03,10000
31,Ananya Yadav,2024-04,10000
31,Ananya Yadav,2024-05,15000
31,Ananya Yadav,2024-06,50000
31,Ananya Yadav,2024-07,20000
31,Ananya Yadav,2024-10,17000
31,Ananya Yadav,2025-01,80000
31,Ananya Yadav,2025-02,20000
31,Ananya Yadav,2025-06,30000
31,Ananya Yadav,2025-08,1000
32,Vikram Mukherjee,2024-03,135000
32,Vikram Mukherjee,2024-04,65000
32,Vikram Mukherjee,2024-06,20000
32,Vikram Mukherjee,2024-07,111000
32,Vikram Mukherjee,2024-08,110000
32,Vikram Mukherjee,2024-09,165000
32,Vikram Mukherjee,2024-10,38000
32,Vikram Mukherjee,2024-11,28000
32,Vikram Mukherjee,2024-12,100000
32,Vikram Mukherjee,2025-01,20000
32,Vikram Mukherjee,2025-02,102000
32,Vikram Mukherjee,2025-04,6000
32,Vikram Mukherjee,2025-06,72000
32,Vikram Mukherjee,2025-07,5000
32,Vikram Mukherjee,2025-08,110000
33,Rahul Rastogi,2024-03,66000
33,Rahul Rastogi,2024-04,174000
33,Rahul Rastogi,2024-06,67000
33,Rahul Rastogi,2024-07,30000
33,Rahul Rastogi,2024-08,10000
33,Rahul Rastogi,2024-09,17000
33,Rahul Rastogi,2024-10,42000
33,Rahul Rastogi,2024-11,80000
33,Rahul Rastogi,2024-12,10000
33,Rahul Rastogi,2025-01,3000
33,Rahul Rastogi,2025-02,2000
33,Rahul Rastogi,2025-03,31000
33,Rahul Rastogi,2025-04,10000
33,Rahul Rastogi,2025-05,30000
33,Rahul Rastogi,2025-06,32000
33,Rahul Rastogi,2025-07,95000
33,Rahul Rastogi,2025-08,120000
34,Aman Pillai,2024-03,50000
34,Aman Pillai,2024-06,20000
34,Aman Pillai,2024-08,120000
34,Aman Pillai,2024-09,72000
34,Aman Pillai,2024-10,70000
34,Aman Pillai,2024-11,2000
34,Aman Pillai,2025-04,10000
34,Aman Pillai,2025-05,2000
34,Aman Pillai,2025-07,1000
34,Aman Pillai,2025-08,71000
35,Kabir Patel,2024-03,50000
35,Kabir Patel,2024-04,70000
35,Kabir Patel,2024-06,50000
35,Kabir Patel,2024-07,70000
35,Kabir Patel,2024-10,7000
35,Kabir Patel,2024-11,2000
35,Kabir Patel,2025-01,51000
35,Kabir Patel,2025-04,20000
35,Kabir Patel,2025-05,5000
35,Kabir Patel,2025-06,1000
36,Neha Reddy,2024-03,10000
36,Neha Reddy,2024-04,10000
36,Neha Reddy,2024-05,6000
36,Neha Reddy,2024-06,55000
36,Neha Reddy,2024-07,5000
36,Neha Reddy,2024-10,5000
36,Neha Reddy,2024-11,60000
36,Neha Reddy,2024-12,20000
36,Neha Reddy,2025-02,1000
36,Neha Reddy,2025-04,50000
36,Neha Reddy,2025-05,10000
37,Maya Patel,2024-03,175000
37,Maya Patel,2024-04,138000
37,Maya Patel,2024-05,136000
37,Maya Patel,2024-06,123000
37,Maya Patel,2024-07,170000
37,Maya Patel,2024-08,210000
37,Maya Patel,2024-10,17000
37,Maya Patel,2024-11,83000
37,Maya Patel,2024-12,185000
37,Maya Patel,2025-01,8000
37,Maya Patel,2025-02,100000
37,Maya Patel,2025-03,150000
37,Maya Patel,2025-04,171000
37,Maya Patel,2025-05,25000
37,Maya Patel,2025-06,70000
37,Maya Patel,2025-07,50000
37,Maya Patel,2025-08,82000
38,Neha Iyer,2024-03,200000
38,Neha Iyer,2024-04,2000
38,Neha Iyer,2024-05,5000
38,Neha Iyer,2024-06,150000
38,Neha Iyer,2024-07,100000
38,Neha Iyer,2024-09,70000
38,Neha Iyer,2024-10,120000
38,Neha Iyer,2024-11,131000
38,Neha Iyer,2024-12,35000
38,Neha Iyer,2025-02,30000
38,Neha Iyer,2025-04,50000
38,Neha Iyer,2025-05,35000
38,Neha Iyer,2025-06,75000
38,Neha Iyer,2025-08,21000
39,Rhea Rastogi,2024-03,170000
39,Rhea Rastogi,2024-04,4000
39,Rhea Rastogi,2024-05,170000
39,Rhea Rastogi,2024-07,5000
39,Rhea Rastogi,2024-08,5000
39,Rhea Rastogi,2024-11,5000
39,Rhea Rastogi,2025-01,77000
39,Rhea Rastogi,2025-02,10000
39,Rhea Rastogi,2025-04,70000
39,Rhea Rastogi,2025-05,72000
39,Rhea Rastogi,2025-07,65000
39,Rhea Rastogi,2025-08,2000
40,Ishaan Menon,2024-03,71000
40,Ishaan Menon,2024-04,85000
40,Ishaan Menon,2024-05,15000
40,Ishaan Menon,2024-06,30000
40,Ishaan Menon,2024-07,161000
40,Ishaan Menon,2024-08,50000
40,Ishaan Menon,2024-09,10000
40,Ishaan Menon,2024-11,11000
40,Ishaan Menon,2025-01,11000
40,Ishaan Menon,2025-02,1000
40,Ishaan Menon,2025-03,40000
40,Ishaan Menon,2025-04,77000
40,Ishaan Menon,2025-05,101000
40,Ishaan Menon,2025-06,2000
40,Ishaan Menon,2025-07,30000
40,Ishaan Menon,2025-09,70000
41,Ishaan Menon,2024-03,60000
41,Ishaan Menon,2024-04,125000
41,Ishaan Menon,2024-05,130000
41,Ishaan Menon,2024-06,62000
41,Ishaan Menon,2024-07,80000
41,Ishaan Menon,2024-08,29000
41,Ishaan Menon,2024-09,41000
41,Ishaan Menon,2024-10,265000
41,Ishaan Menon,2024-11,70000
41,Ishaan Menon,2024-12,76000
41,Ishaan Menon,2025-01,2000
41,Ishaan Menon,2025-02,10000
41,Ishaan Menon,2025-03,53000
41,Ishaan Menon,2025-04,40000
41,Ishaan Menon,2025-05,35000
41,Ishaan Menon,2025-06,30000
41,Ishaan Menon,2025-07,74000
41,Ishaan Menon,2025-08,130000
42,Aman Reddy,2024-03,20000
42,Aman Reddy,2024-04,2000
42,Aman Reddy,2024-07,22000
42,Aman Reddy,2024-09,30000
42,Aman Reddy,2025-01,10000
42,Aman Reddy,2025-02,70000
42,Aman Reddy,2025-04,30000
42,Aman Reddy,2025-05,50000
42,Aman Reddy,2025-06,70000
42,Aman Reddy,2025-07,50000
42,Aman Reddy,2025-08,5000
43,Neha Iyer,2024-03,50000
43,Neha Iyer,2024-09,50000
43,Neha Iyer,2024-11,50000
43,Neha Iyer,2024-12,5000
43,Neha Iyer,2025-03,10000
43,Neha Iyer,2025-04,1000
43,Neha Iyer,2025-05,30000
43,Neha Iyer,2025-06,11000
44,Arjun Kapoor,2024-03,56000
44,Arjun Kapoor,2024-04,3000
44,Arjun Kapoor,2024-06,105000
44,Arjun Kapoor,2024-07,5000
44,Arjun Kapoor,2024-08,10000
44,Arjun Kapoor,2024-10,20000
44,Arjun Kapoor,2024-11,5000
44,Arjun Kapoor,2024-12,50000
44,Arjun Kapoor,2025-01,110000
44,Arjun Kapoor,2025-03,57000
44,Arjun Kapoor,2025-04,70000
44,Arjun Kapoor,2025-05,2000
44,Arjun Kapoor,2025-06,40000
44,Arjun Kapoor,2025-07,32000
45,Kiran Rastogi,2024-03,65000
45,Kiran Rastogi,2024-04,72000
45,Kiran Rastogi,2024-06,2000
45,Kiran Rastogi,2024-07,50000
45,Kiran Rastogi,2024-08,52000
45,Kiran Rastogi,2024-09,2000
45,Kiran Rastogi,2024-10,70000
45,Kiran Rastogi,2024-11,20000
45,Kiran Rastogi,2025-03,32000
45,Kiran Rastogi,2025-04,15000
45,Kiran Rastogi,2025-05,5000
45,Kiran Rastogi,2025-06,60000
45,Kiran Rastogi,2025-07,70000
46,Neha Iyer,2024-03,10000
46,Neha Iyer,2024-05,72000
46,Neha Iyer,2024-06,11000
46,Neha Iyer,2024-09,2000
46,Neha Iyer,2024-11,75000
46,Neha Iyer,2024-12,5000
46,Neha Iyer,2025-02,10000
46,Neha Iyer,2025-04,30000
46,Neha Iyer,2025-06,2000
46,Neha Iyer,2025-08,50000
47,Sneha Banerjee,2024-03,20000
47,Sneha Banerjee,2024-05,90000
47,Sneha Banerjee,2024-06,30000
47,Sneha Banerjee,2025-01,50000
47,Sneha Banerjee,2025-02,22000
47,Sneha Banerjee,2025-03,50000
47,Sneha Banerjee,2025-04,31000
47,Sneha Banerjee,2025-05,2000
48,Kabir Reddy,2024-03,202000
48,Kabir Reddy,2024-04,77000
48,Kabir Reddy,2024-05,23000
48,Kabir Reddy,2024-06,2000
48,Kabir Reddy,2024-07,75000
48,Kabir Reddy,2024-08,10000
48,Kabir Reddy,2024-09,2000
48,Kabir Reddy,2024-11,21000
48,Kabir Reddy,2024-12,90000
48,Kabir Reddy,2025-01,2000
48,Kabir Reddy,2025-02,20000
48,Kabir Reddy,2025-03,5000
48,Kabir Reddy,2025-05,50000
48,Kabir Reddy,2025-06,1000
48,Kabir Reddy,2025-07,80000
48,Kabir Reddy,2025-08,170000
49,Ritika Kapoor,2024-03,36000
49,Ritika Kapoor,2024-04,5000
49,Ritika Kapoor,2024-06,90000
49,Ritika Kapoor,2024-07,50000
49,Ritika Kapoor,2024-08,1000
49,Ritika Kapoor,2024-10,5000
49,Ritika Kapoor,2024-11,50000
49,Ritika Kapoor,2025-05,5000
49,Ritika Kapoor,2025-06,30000
49,Ritika Kapoor,2025-07,1000
50,Deepak Khan,2024-03,52000
50,Deepak Khan,2024-04,20000
50,Deepak Khan,2024-05,1000
50,Deepak Khan,2024-07,75000
50,Deepak Khan,2024-10,7000
50,Deepak Khan,2025-01,72000
50,Deepak Khan,2025-04,1000
50,Deepak Khan,2025-06,2000
50,Deepak Khan,2025-07,50000
51,Ritika Nair,2024-03,235000
51,Ritika Nair,2024-04,70000
51,Ritika Nair,2024-05,30000
51,Ritika Nair,2024-06,75000
51,Ritika Nair,2024-07,40000
51,Ritika Nair,2024-08,2000
51,Ritika Nair,2024-09,15000
51,Ritika Nair,2024-10,70000
51,Ritika Nair,2024-11,90000
51,Ritika Nair,2024-12,123000
51,Ritika Nair,2025-01,23000
51,Ritika Nair,2025-02,10000
51,Ritika Nair,2025-03,102000
51,Ritika Nair,2025-04,45000
51,Ritika Nair,2025-05,60000
51,Ritika Nair,2025-06,142000
51,Ritika Nair,2025-07,95000
51,Ritika Nair,2025-08,81000
52,Priya Menon,2024-03,15000
52,Priya Menon,2024-04,30000
52,Priya Menon,2024-05,10000
52,Priya Menon,2024-06,10000
52,Priya Menon,2024-07,30000
52,Priya Menon,2024-08,105000
52,Priya Menon,2024-10,72000
52,Priya Menon,2024-11,5000
52,Priya Menon,2024-12,2000
52,Priya Menon,2025-04,5000
52,Priya Menon,2025-05,10000
52,Priya Menon,2025-07,20000
52,Priya Menon,2025-08,11000
53,Kabir Verma,2024-03,75000
53,Kabir Verma,2024-05,5000
53,Kabir Verma,2024-08,5000
53,Kabir Verma,2024-10,70000
53,Kabir Verma,2024-12,5000
53,Kabir Verma,2025-01,62000
53,Kabir Verma,2025-03,50000
53,Kabir Verma,2025-05,80000
53,Kabir Verma,2025-06,5000
53,Kabir Verma,2025-07,1000
54,Neha Iyer,2024-06,5000
54,Neha Iyer,2024-07,1000
54,Neha Iyer,2024-10,10000
54,Neha Iyer,2024-12,5000
54,Neha Iyer,2025-02,35000
54,Neha Iyer,2025-03,2000
54,Neha Iyer,2025-04,50000
54,Neha Iyer,2025-05,35000
54,Neha Iyer,2025-07,5000
54,Neha Iyer,2025-08,50000
55,Vikram Reddy,2024-03,22000
55,Vikram Reddy,2024-04,50000
55,Vikram Reddy,2024-05,30000
55,Vikram Reddy,2024-06,11000
55,Vikram Reddy,2024-07,75000
55,Vikram Reddy,2024-09,120000
55,Vikram Reddy,2024-10,50000
55,Vikram Reddy,2025-01,5000
55,Vikram Reddy,2025-02,80000
55,Vikram Reddy,2025-03,20000
55,Vikram Reddy,2025-05,5000
56,Ananya Das,2024-03,5000
56,Ananya Das,2024-04,22000
56,Ananya Das,2024-05,30000
56,Ananya Das,2024-06,50000
56,Ananya Das,2024-07,70000
56,Ananya Das,2024-08,20000
56,Ananya Das,2024-11,32000
56,Ananya Das,2024-12,51000
56,Ananya Das,2025-01,2000
56,Ananya Das,2025-02,10000
56,Ananya Das,2025-06,30000
56,Ananya Das,2025-07,80000
56,Ananya Das,2025-08,5000
57,Rahul Pillai,2024-03,90000
57,Rahul Pillai,2024-04,30000
57,Rahul Pillai,2024-07,81000
57,Rahul Pillai,2024-08,30000
57,Rahul Pillai,2024-09,1000
57,Rahul Pillai,2024-10,10000
57,Rahul Pillai,2024-12,50000
57,Rahul Pillai,2025-03,60000
57,Rahul Pillai,2025-04,40000
57,Rahul Pillai,2025-06,5000
57,Rahul Pillai,2025-07,6000
58,Vikram Nair,2024-03,60000
58,Vikram Nair,2024-04,71000
58,Vikram Nair,2024-05,95000
58,Vikram Nair,2024-06,22000
58,Vikram Nair,2024-07,15000
58,Vikram Nair,2024-08,52000
58,Vikram Nair,2024-09,193000
58,Vikram Nair,2024-10,60000
58,Vikram Nair,2024-11,10000
58,Vikram Nair,2024-12,130000
58,Vikram Nair,2025-01,30000
58,Vikram Nair,2025-02,170000
58,Vikram Nair,2025-03,147000
58,Vikram Nair,2025-04,122000
58,Vikram Nair,2025-05,82000
58,Vikram Nair,2025-06,2000
58,Vikram Nair,2025-07,34000
58,Vikram Nair,2025-08,21000
59,Ananya Verma,2024-03,120000
59,Ananya Verma,2024-04,5000
59,Ananya Verma,2024-05,27000
59,Ananya Verma,2024-06,53000
59,Ananya Verma,2024-10,10000
59,Ananya Verma,2024-11,30000
59,Ananya Verma,2024-12,30000
59,Ananya Verma,2025-01,5000
59,Ananya Verma,2025-03,10000
59,Ananya Verma,2025-04,92000
59,Ananya Verma,2025-05,2000
59,Ananya Verma,2025-06,10000
60,Rohan Menon,2024-03,100000
60,Rohan Menon,2024-04,10000
60,Rohan Menon,2024-05,30000
60,Rohan Menon,2024-06,30000
60,Rohan Menon,2024-07,65000
60,Rohan Menon,2024-08,1000
60,Rohan Menon,2024-10,70000
60,Rohan Menon,2024-12,11000
60,Rohan Menon,2025-01,6000
60,Rohan Menon,2025-02,4000
60,Rohan Menon,2025-03,82000
60,Rohan Menon,2025-04,2000
60,Rohan Menon,2025-05,130000
60,Rohan Menon,2025-06,5000
60,Rohan Menon,2025-07,22000
61,Vikram Mukherjee,2024-03,207000
61,Vikram Mukherjee,2024-04,96000
61,Vikram Mukherjee,2024-05,40000
61,Vikram Mukherjee,2024-06,120000
61,Vikram Mukherjee,2024-07,15000
61,Vikram Mukherjee,2024-08,75000
61,Vikram Mukherjee,2024-09,102000
61,Vikram Mukherjee,2024-10,100000
61,Vikram Mukherjee,2024-11,35000
61,Vikram Mukherjee,2024-12,7000
61,Vikram Mukherjee,2025-01,112000
61,Vikram Mukherjee,2025-02,52000
61,Vikram Mukherjee,2025-03,60000
61,Vikram Mukherjee,2025-04,30000
61,Vikram Mukherjee,2025-05,91000
61,Vikram Mukherjee,2025-06,130000
61,Vikram Mukherjee,2025-07,62000
61,Vikram Mukherjee,2025-08,1000
62,Ishaan Yadav,2024-03,65000
62,Ishaan Yadav,2024-04,51000
62,Ishaan Yadav,2024-06,73000
62,Ishaan Yadav,2024-07,2000
62,Ishaan Yadav,2024-08,122000
62,Ishaan Yadav,2024-10,84000
62,Ishaan Yadav,2024-11,55000
62,Ishaan Yadav,2024-12,71000
62,Ishaan Yadav,2025-01,70000
62,Ishaan Yadav,2025-02,51000
62,Ishaan Yadav,2025-03,22000
62,Ishaan Yadav,2025-04,20000
62,Ishaan Yadav,2025-05,11000
62,Ishaan Yadav,2025-06,20000
62,Ishaan Yadav,2025-07,1000
62,Ishaan Yadav,2025-08,16000
63,Rohan Rastogi,2024-03,110000
63,Rohan Rastogi,2024-04,50000
63,Rohan Rastogi,2024-05,70000
63,Rohan Rastogi,2024-06,20000
63,Rohan Rastogi,2024-07,5000
63,Rohan Rastogi,2024-09,10000
63,Rohan Rastogi,2024-11,1000
63,Rohan Rastogi,2024-12,10000
63,Rohan Rastogi,2025-01,10000
63,Rohan Rastogi,2025-02,10000
63,Rohan Rastogi,2025-03,70000
63,Rohan Rastogi,2025-05,30000
64,Sneha Verma,2024-03,207000
64,Sneha Verma,2024-04,47000
64,Sneha Verma,2024-06,101000
64,Sneha Verma,2024-07,71000
64,Sneha Verma,2024-08,21000
64,Sneha Verma,2024-10,5000
64,Sneha Verma,2024-11,70000
64,Sneha Verma,2024-12,53000
64,Sneha Verma,2025-01,10000
64,Sneha Verma,2025-02,2000
64,Sneha Verma,2025-03,120000
64,Sneha Verma,2025-04,70000
64,Sneha Verma,2025-05,1000
64,Sneha Verma,2025-06,50000
64,Sneha Verma,2025-07,7000
64,Sneha Verma,2025-08,152000
65,Ritika Khan,2024-03,61000
65,Ritika Khan,2024-04,50000
65,Ritika Khan,2024-05,16000
65,Ritika Khan,2024-06,100000
65,Ritika Khan,2024-07,62000
65,Ritika Khan,2024-09,70000
65,Ritika Khan,2024-11,52000
65,Ritika Khan,2024-12,60000
65,Ritika Khan,2025-01,2000
65,Ritika Khan,2025-02,155000
65,Ritika Khan,2025-03,70000
65,Ritika Khan,2025-04,120000
65,Ritika Khan,2025-05,2000
65,Ritika Khan,2025-08,61000
66,Maya Reddy,2024-03,102000
66,Maya Reddy,2024-04,70000
66,Maya Reddy,2024-07,12000
66,Maya Reddy,2024-12,22000
66,Maya Reddy,2025-05,70000
66,Maya Reddy,2025-07,1000
66,Maya Reddy,2025-08,30000
67,Deepak Mukherjee,2024-03,7000
67,Deepak Mukherjee,2024-04,21000
67,Deepak Mukherjee,2024-08,30000
67,Deepak Mukherjee,2024-10,125000
67,Deepak Mukherjee,2024-12,1000
67,Deepak Mukherjee,2025-01,90000
67,Deepak Mukherjee,2025-02,30000
67,Deepak Mukherjee,2025-05,90000
67,Deepak Mukherjee,2025-06,20000
67,Deepak Mukherjee,2025-07,20000
67,Deepak Mukherjee,2025-08,2000
68,Kabir Das,2024-03,5000
68,Kabir Das,2024-05,2000
68,Kabir Das,2024-08,2000
68,Kabir Das,2024-09,20000
68,Kabir Das,2024-11,20000
68,Kabir Das,2024-12,31000
68,Kabir Das,2025-02,20000
68,Kabir Das,2025-04,5000
68,Kabir Das,2025-05,70000
68,Kabir Das,2025-07,1000
68,Kabir Das,2025-08,30000
69,Kabir Yadav,2024-03,184000
69,Kabir Yadav,2024-04,1000
69,Kabir Yadav,2024-05,125000
69,Kabir Yadav,2024-06,70000
69,Kabir Yadav,2024-07,114000
69,Kabir Yadav,2024-09,60000
69,Kabir Yadav,2024-10,70000
69,Kabir Yadav,2024-11,30000
69,Kabir Yadav,2024-12,85000
69,Kabir Yadav,2025-01,20000
69,Kabir Yadav,2025-02,37000
69,Kabir Yadav,2025-03,10000
69,Kabir Yadav,2025-04,10000
69,Kabir Yadav,2025-05,77000
69,Kabir Yadav,2025-06,26000
69,Kabir Yadav,2025-08,85000
70,Aman Verma,2024-04,100000
70,Aman Verma,2024-05,5000
70,Aman Verma,2024-07,10000
70,Aman Verma,2024-08,100000
70,Aman Verma,2024-10,20000
70,Aman Verma,2024-11,50000
70,Aman Verma,2025-02,140000
70,Aman Verma,2025-03,120000
70,Aman Verma,2025-04,20000
70,Aman Verma,2025-07,1000
71,Vikram Gupta,2024-03,71000
71,Vikram Gupta,2024-04,20000
71,Vikram Gupta,2024-06,15000
71,Vikram Gupta,2024-07,70000
71,Vikram Gupta,2024-08,70000
71,Vikram Gupta,2024-11,37000
71,Vikram Gupta,2025-02,10000
71,Vikram Gupta,2025-05,30000
71,Vikram Gupta,2025-07,10000
72,Sneha Reddy,2024-03,5000
72,Sneha Reddy,2024-04,15000
72,Sneha Reddy,2024-05,101000
72,Sneha Reddy,2024-06,15000
72,Sneha Reddy,2024-08,15000
72,Sneha Reddy,2024-10,30000
72,Sneha Reddy,2024-11,120000
72,Sneha Reddy,2024-12,10000
72,Sneha Reddy,2025-01,20000
72,Sneha Reddy,2025-03,60000
72,Sneha Reddy,2025-04,120000
72,Sneha Reddy,2025-06,5000
72,Sneha Reddy,2025-07,62000
72,Sneha Reddy,2025-08,81000
73,Ananya Pillai,2024-03,10000
73,Ananya Pillai,2024-05,5000
73,Ananya Pillai,2024-08,50000
73,Ananya Pillai,2024-09,30000
73,Ananya Pillai,2024-12,50000
73,Ananya Pillai,2025-01,2000
73,Ananya Pillai,2025-03,50000
74,Kiran Yadav,2024-03,200000
74,Kiran Yadav,2024-04,50000
74,Kiran Yadav,2024-05,80000
74,Kiran Yadav,2024-06,51000
74,Kiran Yadav,2024-07,60000
74,Kiran Yadav,2024-09,31000
74,Kiran Yadav,2024-10,5000
74,Kiran Yadav,2024-11,105000
74,Kiran Yadav,2024-12,170000
74,Kiran Yadav,2025-01,5000
74,Kiran Yadav,2025-03,95000
74,Kiran Yadav,2025-04,4000
74,Kiran Yadav,2025-06,60000
75,Rhea Iyer,2024-04,52000
75,Rhea Iyer,2024-05,30000
75,Rhea Iyer,2024-07,1000
75,Rhea Iyer,2024-08,72000
75,Rhea Iyer,2024-09,50000
75,Rhea Iyer,2024-10,50000
75,Rhea Iyer,2024-11,52000
75,Rhea Iyer,2024-12,60000
75,Rhea Iyer,2025-02,32000
75,Rhea Iyer,2025-03,55000
75,Rhea Iyer,2025-04,20000
75,Rhea Iyer,2025-08,70000
76,Rohan Menon,2024-03,30000
76,Rohan Menon,2024-04,12000
76,Rohan Menon,2024-06,122000
76,Rohan Menon,2024-07,21000
76,Rohan Menon,2024-09,5000
76,Rohan Menon,2024-10,2000
76,Rohan Menon,2024-11,5000
76,Rohan Menon,2024-12,20000
76,Rohan Menon,2025-01,2000
76,Rohan Menon,2025-02,2000
76,Rohan Menon,2025-05,1000
76,Rohan Menon,2025-06,70000
76,Rohan Menon,2025-07,20000
76,Rohan Menon,2025-08,3000
77,Ananya Mukherjee,2024-03,105000
77,Ananya Mukherjee,2024-04,30000
77,Ananya Mukherjee,2024-05,70000
77,Ananya Mukherjee,2024-06,111000
77,Ananya Mukherjee,2024-08,22000
77,Ananya Mukherjee,2024-09,102000
77,Ananya Mukherjee,2024-10,30000
77,Ananya Mukherjee,2024-11,1000
77,Ananya Mukherjee,2024-12,31000
77,Ananya Mukherjee,2025-01,35000
77,Ananya Mukherjee,2025-02,1000
77,Ananya Mukherjee,2025-03,5000
77,Ananya Mukherjee,2025-04,3000
77,Ananya Mukherjee,2025-05,101000
77,Ananya Mukherjee,2025-06,46000
77,Ananya Mukherjee,2025-07,20000
77,Ananya Mukherjee,2025-08,71000
78,Ishaan Sharma,2024-03,56000
78,Ishaan Sharma,2024-04,5000
78,Ishaan Sharma,2024-05,70000
78,Ishaan Sharma,2024-06,130000
78,Ishaan Sharma,2024-07,3000
78,Ishaan Sharma,2024-08,52000
78,Ishaan Sharma,2024-09,70000
78,Ishaan Sharma,2024-10,220000
78,Ishaan Sharma,2024-11,10000
78,Ishaan Sharma,2024-12,10000
78,Ishaan Sharma,2025-01,70000
78,Ishaan Sharma,2025-02,21000
78,Ishaan Sharma,2025-03,5000
78,Ishaan Sharma,2025-04,5000
78,Ishaan Sharma,2025-06,101000
78,Ishaan Sharma,2025-07,50000
78,Ishaan Sharma,2025-08,12000
79,Rhea Yadav,2024-03,295000
79,Rhea Yadav,2024-04,31000
79,Rhea Yadav,2024-06,59000
79,Rhea Yadav,2024-07,25000
79,Rhea Yadav,2024-08,5000
79,Rhea Yadav,2024-09,1000
79,Rhea Yadav,2024-10,81000
79,Rhea Yadav,2024-11,78000
79,Rhea Yadav,2024-12,30000
79,Rhea Yadav,2025-01,111000
79,Rhea Yadav,2025-02,50000
79,Rhea Yadav,2025-03,12000
79,Rhea Yadav,2025-04,82000
79,Rhea Yadav,2025-05,132000
79,Rhea Yadav,2025-06,86000
79,Rhea Yadav,2025-07,74000
79,Rhea Yadav,2025-08,90000
80,Kabir Nair,2024-03,155000
80,Kabir Nair,2024-04,1000
80,Kabir Nair,2024-05,41000
80,Kabir Nair,2024-06,165000
80,Kabir Nair,2024-07,5000
80,Kabir Nair,2024-08,123000
80,Kabir Nair,2024-09,44000
80,Kabir Nair,2024-10,30000
80,Kabir Nair,2024-11,188000
80,Kabir Nair,2024-12,90000
80,Kabir Nair,2025-01,62000
80,Kabir Nair,2025-02,170000
80,Kabir Nair,2025-03,40000
80,Kabir Nair,2025-04,2000
80,Kabir Nair,2025-06,90000
80,Kabir Nair,2025-07,154000
80,Kabir Nair,2025-08,17000
81,Arjun Gupta,2024-03,155000
81,Arjun Gupta,2024-04,50000
81,Arjun Gupta,2024-05,90000
81,Arjun Gupta,2024-06,65000
81,Arjun Gupta,2024-08,115000
81,Arjun Gupta,2024-09,80000
81,Arjun Gupta,2024-10,105000
81,Arjun Gupta,2024-11,5000
81,Arjun Gupta,2024-12,92000
81,Arjun Gupta,2025-01,2000
81,Arjun Gupta,2025-02,74000
81,Arjun Gupta,2025-03,1000
81,Arjun Gupta,2025-04,132000
81,Arjun Gupta,2025-05,105000
81,Arjun Gupta,2025-06,65000
81,Arjun Gupta,2025-07,175000
82,Rohan Nair,2024-03,180000
82,Rohan Nair,2024-04,72000
82,Rohan Nair,2024-06,140000
82,Rohan Nair,2024-07,2000
82,Rohan Nair,2024-08,72000
82,Rohan Nair,2024-10,35000
82,Rohan Nair,2024-11,50000
82,Rohan Nair,2024-12,103000
82,Rohan Nair,2025-01,70000
82,Rohan Nair,2025-03,10000
82,Rohan Nair,2025-04,50000
82,Rohan Nair,2025-05,5000
82,Rohan Nair,2025-06,62000
82,Rohan Nair,2025-07,55000
82,Rohan Nair,2025-08,100000
83,Maya Reddy,2024-03,294000
83,Maya Reddy,2024-04,192000
83,Maya Reddy,2024-05,50000
83,Maya Reddy,2024-06,12000
83,Maya Reddy,2024-08,84000
83,Maya Reddy,2024-09,132000
83,Maya Reddy,2024-10,3000
83,Maya Reddy,2024-11,65000
83,Maya Reddy,2024-12,65000
83,Maya Reddy,2025-01,60000
83,Maya Reddy,2025-02,90000
83,Maya Reddy,2025-03,70000
83,Maya Reddy,2025-04,1000
83,Maya Reddy,2025-05,70000
83,Maya Reddy,2025-06,20000
83,Maya Reddy,2025-07,2000
83,Maya Reddy,2025-08,55000
84,Maya Das,2024-03,142000
84,Maya Das,2024-05,11000
84,Maya Das,2024-06,20000
84,Maya Das,2024-07,36000
84,Maya Das,2024-08,5000
84,Maya Das,2024-09,61000
84,Maya Das,2024-10,5000
84,Maya Das,2024-11,71000
84,Maya Das,2024-12,80000
84,Maya Das,2025-01,240000
84,Maya Das,2025-02,5000
84,Maya Das,2025-03,30000
84,Maya Das,2025-04,10000
84,Maya Das,2025-05,130000
84,Maya Das,2025-06,57000
84,Maya Das,2025-07,35000
84,Maya Das,2025-08,148000
85,Kabir Menon,2024-03,70000
85,Kabir Menon,2024-04,50000
85,Kabir Menon,2024-05,20000
85,Kabir Menon,2024-06,70000
85,Kabir Menon,2024-08,12000
85,Kabir Menon,2024-10,12000
85,Kabir Menon,2025-01,10000
85,Kabir Menon,2025-02,1000
85,Kabir Menon,2025-03,20000
85,Kabir Menon,2025-06,80000
85,Kabir Menon,2025-07,2000
85,Kabir Menon,2025-08,2000
86,Kiran Reddy,2024-03,215000
86,Kiran Reddy,2024-05,100000
86,Kiran Reddy,2024-06,35000
86,Kiran Reddy,2024-08,35000
86,Kiran Reddy,2024-09,175000
86,Kiran Reddy,2024-10,77000
86,Kiran Reddy,2024-11,72000
86,Kiran Reddy,2024-12,77000
86,Kiran Reddy,2025-01,50000
86,Kiran Reddy,2025-02,106000
86,Kiran Reddy,2025-03,140000
86,Kiran Reddy,2025-04,156000
86,Kiran Reddy,2025-06,20000
86,Kiran Reddy,2025-07,41000
86,Kiran Reddy,2025-08,41000
87,Ananya Gupta,2024-03,250000
87,Ananya Gupta,2024-04,30000
87,Ananya Gupta,2024-05,50000
87,Ananya Gupta,2024-07,80000
87,Ananya Gupta,2024-08,2000
87,Ananya Gupta,2024-09,25000
87,Ananya Gupta,2024-10,87000
87,Ananya Gupta,2024-11,11000
87,Ananya Gupta,2024-12,70000
87,Ananya Gupta,2025-01,52000
87,Ananya Gupta,2025-02,37000
87,Ananya Gupta,2025-03,20000
87,Ananya Gupta,2025-04,5000
87,Ananya Gupta,2025-05,5000
87,Ananya Gupta,2025-06,90000
88,Maya Kapoor,2024-03,151000
88,Maya Kapoor,2024-04,103000
88,Maya Kapoor,2024-05,87000
88,Maya Kapoor,2024-06,110000
88,Maya Kapoor,2024-07,40000
88,Maya Kapoor,2024-08,60000
88,Maya Kapoor,2024-09,21000
88,Maya Kapoor,2024-10,70000
88,Maya Kapoor,2024-11,120000
88,Maya Kapoor,2024-12,5000
88,Maya Kapoor,2025-03,30000
88,Maya Kapoor,2025-04,40000
88,Maya Kapoor,2025-06,60000
88,Maya Kapoor,2025-07,12000
88,Maya Kapoor,2025-08,5000
89,Priya Gupta,2024-03,65000
89,Priya Gupta,2024-04,50000
89,Priya Gupta,2024-05,22000
89,Priya Gupta,2024-06,124000
89,Priya Gupta,2024-08,72000
89,Priya Gupta,2024-09,10000
89,Priya Gupta,2024-10,9000
89,Priya Gupta,2024-11,22000
89,Priya Gupta,2024-12,30000
89,Priya Gupta,2025-02,77000
89,Priya Gupta,2025-03,35000
89,Priya Gupta,2025-04,1000
89,Priya Gupta,2025-05,70000
89,Priya Gupta,2025-06,132000
89,Priya Gupta,2025-07,15000
89,Priya Gupta,2025-08,40000
91,Deepak Gupta,2024-03,310000
91,Deepak Gupta,2024-04,86000
91,Deepak Gupta,2024-05,220000
91,Deepak Gupta,2024-06,91000
91,Deepak Gupta,2024-07,161000
91,Deepak Gupta,2024-09,7000
91,Deepak Gupta,2024-10,61000
91,Deepak Gupta,2024-11,101000
91,Deepak Gupta,2024-12,10000
91,Deepak Gupta,2025-01,38000
91,Deepak Gupta,2025-02,21000
91,Deepak Gupta,2025-03,86000
91,Deepak Gupta,2025-04,53000
91,Deepak Gupta,2025-06,63000
91,Deepak Gupta,2025-07,15000
91,Deepak Gupta,2025-08,71000
92,Kabir Mukherjee,2024-03,75000
92,Kabir Mukherjee,2024-05,30000
92,Kabir Mukherjee,2024-06,22000
92,Kabir Mukherjee,2024-07,5000
92,Kabir Mukherjee,2024-08,100000
92,Kabir Mukherjee,2024-09,30000
92,Kabir Mukherjee,2024-10,6000
92,Kabir Mukherjee,2024-11,145000
92,Kabir Mukherjee,2024-12,7000
92,Kabir Mukherjee,2025-01,72000
92,Kabir Mukherjee,2025-02,6000
92,Kabir Mukherjee,2025-03,1000
92,Kabir Mukherjee,2025-04,80000
92,Kabir Mukherjee,2025-05,100000
92,Kabir Mukherjee,2025-06,75000
92,Kabir Mukherjee,2025-07,52000
93,Arjun Gupta,2024-03,78000
93,Arjun Gupta,2024-04,20000
93,Arjun Gupta,2024-05,32000
93,Arjun Gupta,2024-06,123000
93,Arjun Gupta,2024-07,180000
93,Arjun Gupta,2024-08,5000
93,Arjun Gupta,2024-09,10000
93,Arjun Gupta,2024-10,1000
93,Arjun Gupta,2024-11,50000
93,Arjun Gupta,2024-12,57000
93,Arjun Gupta,2025-01,141000
93,Arjun Gupta,2025-02,30000
93,Arjun Gupta,2025-03,20000
93,Arjun Gupta,2025-04,51000
93,Arjun Gupta,2025-05,15000
93,Arjun Gupta,2025-06,10000
93,Arjun Gupta,2025-07,33000
93,Arjun Gupta,2025-08,10000
94,Rhea Reddy,2024-03,75000
94,Rhea Reddy,2024-04,20000
94,Rhea Reddy,2024-05,70000
94,Rhea Reddy,2024-06,5000
94,Rhea Reddy,2024-07,20000
94,Rhea Reddy,2024-08,32000
94,Rhea Reddy,2024-10,2000
94,Rhea Reddy,2024-11,80000
94,Rhea Reddy,2024-12,30000
94,Rhea Reddy,2025-01,1000
94,Rhea Reddy,2025-02,20000
94,Rhea Reddy,2025-03,30000
94,Rhea Reddy,2025-05,50000
94,Rhea Reddy,2025-08,5000
95,Deepak Gupta,2024-03,20000
95,Deepak Gupta,2024-04,15000
95,Deepak Gupta,2024-05,5000
95,Deepak Gupta,2024-07,10000
95,Deepak Gupta,2024-09,30000
95,Deepak Gupta,2024-10,51000
95,Deepak Gupta,2025-05,13000
95,Deepak Gupta,2025-06,30000
95,Deepak Gupta,2025-07,30000
96,Kiran Mukherjee,2024-03,360000
96,Kiran Mukherjee,2024-04,35000
96,Kiran Mukherjee,2024-06,120000
96,Kiran Mukherjee,2024-07,100000
96,Kiran Mukherjee,2024-08,20000
96,Kiran Mukherjee,2024-09,40000
96,Kiran Mukherjee,2024-10,77000
96,Kiran Mukherjee,2024-11,110000
96,Kiran Mukherjee,2024-12,10000
96,Kiran Mukherjee,2025-01,271000
96,Kiran Mukherjee,2025-02,185000
96,Kiran Mukherjee,2025-03,60000
96,Kiran Mukherjee,2025-04,9000
96,Kiran Mukherjee,2025-06,7000
96,Kiran Mukherjee,2025-07,77000
96,Kiran Mukherjee,2025-08,50000
97,Rhea Sharma,2024-03,10000
97,Rhea Sharma,2024-04,10000
97,Rhea Sharma,2024-05,2000
97,Rhea Sharma,2024-07,30000
97,Rhea Sharma,2024-10,70000
97,Rhea Sharma,2024-12,60000
97,Rhea Sharma,2025-01,50000
97,Rhea Sharma,2025-05,70000
97,Rhea Sharma,2025-06,2000
97,Rhea Sharma,2025-08,30000
98,Ananya Verma,2024-03,7000
98,Ananya Verma,2024-04,5000
98,Ananya Verma,2024-06,30000
98,Ananya Verma,2024-07,1000
98,Ananya Verma,2024-10,1000
98,Ananya Verma,2024-12,2000
98,Ananya Verma,2025-01,70000
98,Ananya Verma,2025-03,20000
98,Ananya Verma,2025-04,12000
98,Ananya Verma,2025-05,90000
98,Ananya Verma,2025-06,2000
98,Ananya Verma,2025-07,31000
98,Ananya Verma,2025-08,80000
99,Deepak Patel,2024-03,15000
99,Deepak Patel,2024-04,90000
99,Deepak Patel,2024-05,150000
99,Deepak Patel,2024-06,173000
99,Deepak Patel,2024-07,102000
99,Deepak Patel,2024-08,82000
99,Deepak Patel,2024-09,72000
99,Deepak Patel,2024-11,91000
99,Deepak Patel,2024-12,22000
99,Deepak Patel,2025-01,23000
99,Deepak Patel,2025-02,82000
99,Deepak Patel,2025-03,75000
99,Deepak Patel,2025-04,100000
99,Deepak Patel,2025-05,70000
99,Deepak Patel,2025-06,43000
99,Deepak Patel,2025-07,5000
99,Deepak Patel,2025-08,190000
99,Deepak Patel,2025-09,30000
100,Kiran Pillai,2024-03,210000
100,Kiran Pillai,2024-04,105000
100,Kiran Pillai,2024-05,95000
100,Kiran Pillai,2024-06,187000
100,Kiran Pillai,2024-07,135000
100,Kiran Pillai,2024-08,70000
100,Kiran Pillai,2024-09,51000
100,Kiran Pillai,2024-10,71000
100,Kiran Pillai,2024-11,10000
100,Kiran Pillai,2024-12,70000
100,Kiran Pillai,2025-01,54000
100,Kiran Pillai,2025-02,140000
100,Kiran Pillai,2025-03,140000
100,Kiran Pillai,2025-04,94000
100,Kiran Pillai,2025-05,20000
100,Kiran Pillai,2025-06,6000
100,Kiran Pillai,2025-07,145000
100,Kiran Pillai,2025-08,35000
101,Kabir Pillai,2024-03,20000
101,Kabir Pillai,2024-04,70000
101,Kabir Pillai,2024-09,50000
101,Kabir Pillai,2024-10,1000
101,Kabir Pillai,2024-11,41000
101,Kabir Pillai,2025-01,20000
101,Kabir Pillai,2025-02,70000
101,Kabir Pillai,2025-03,85000
101,Kabir Pillai,2025-04,2000
101,Kabir Pillai,2025-05,2000
101,Kabir Pillai,2025-06,20000
101,Kabir Pillai,2025-07,20000
102,Priya Menon,2024-03,10000
102,Priya Menon,2024-04,74000
102,Priya Menon,2024-05,5000
102,Priya Menon,2024-09,80000
102,Priya Menon,2024-12,5000
102,Priya Menon,2025-02,70000
102,Priya Menon,2025-03,75000
102,Priya Menon,2025-05,5000
102,Priya Menon,2025-07,2000
102,Priya Menon,2025-08,70000
103,Rahul Das,2024-03,33000
103,Rahul Das,2024-04,2000
103,Rahul Das,2024-05,25000
103,Rahul Das,2024-06,76000
103,Rahul Das,2024-07,97000
103,Rahul Das,2024-08,50000
103,Rahul Das,2024-09,130000
103,Rahul Das,2024-10,30000
103,Rahul Das,2024-12,72000
103,Rahul Das,2025-01,81000
103,Rahul Das,2025-02,20000
103,Rahul Das,2025-03,38000
103,Rahul Das,2025-04,50000
103,Rahul Das,2025-05,102000
103,Rahul Das,2025-06,70000
103,Rahul Das,2025-07,145000
103,Rahul Das,2025-08,2000
104,Vikram Yadav,2024-03,20000
104,Vikram Yadav,2024-04,121000
104,Vikram Yadav,2024-05,7000
104,Vikram Yadav,2024-06,100000
104,Vikram Yadav,2024-07,61000
104,Vikram Yadav,2024-08,2000
104,Vikram Yadav,2024-09,50000
104,Vikram Yadav,2024-10,100000
104,Vikram Yadav,2024-11,50000
104,Vikram Yadav,2024-12,70000
104,Vikram Yadav,2025-01,80000
104,Vikram Yadav,2025-02,71000
104,Vikram Yadav,2025-03,15000
104,Vikram Yadav,2025-04,40000
104,Vikram Yadav,2025-05,137000
104,Vikram Yadav,2025-06,10000
104,Vikram Yadav,2025-07,17000
104,Vikram Yadav,2025-08,120000
104,Vikram Yadav,2025-09,7000
105,Ishaan Yadav,2024-03,70000
105,Ishaan Yadav,2024-05,10000
105,Ishaan Yadav,2024-06,3000
105,Ishaan Yadav,2024-07,10000
105,Ishaan Yadav,2024-08,50000
105,Ishaan Yadav,2024-11,70000
105,Ishaan Yadav,2025-03,1000
105,Ishaan Yadav,2025-04,70000
105,Ishaan Yadav,2025-05,21000
105,Ishaan Yadav,2025-06,1000
105,Ishaan Yadav,2025-07,20000
106,Maya Reddy,2024-03,10000
106,Maya Reddy,2024-04,101000
106,Maya Reddy,2024-05,70000
106,Maya Reddy,2024-09,72000
106,Maya Reddy,2025-01,5000
106,Maya Reddy,2025-02,11000
106,Maya Reddy,2025-03,30000
106,Maya Reddy,2025-04,2000
106,Maya Reddy,2025-05,140000
106,Maya Reddy,2025-07,70000
107,Ananya Sharma,2024-05,20000
107,Ananya Sharma,2024-06,80000
107,Ananya Sharma,2024-07,35000
107,Ananya Sharma,2024-09,1000
107,Ananya Sharma,2024-10,80000
107,Ananya Sharma,2025-01,30000
107,Ananya Sharma,2025-02,4000
107,Ananya Sharma,2025-04,10000
107,Ananya Sharma,2025-05,20000
107,Ananya Sharma,2025-06,76000
107,Ananya Sharma,2025-08,2000
108,Priya Gupta,2024-03,60000
108,Priya Gupta,2024-04,50000
108,Priya Gupta,2024-05,2000
108,Priya Gupta,2024-06,10000
108,Priya Gupta,2024-07,10000
108,Priya Gupta,2024-08,1000
108,Priya Gupta,2024-10,20000
108,Priya Gupta,2025-01,70000
108,Priya Gupta,2025-02,100000
108,Priya Gupta,2025-03,30000
108,Priya Gupta,2025-04,30000
108,Priya Gupta,2025-05,70000
108,Priya Gupta,2025-06,50000
108,Priya Gupta,2025-07,2000
109,Sneha Gupta,2024-03,21000
109,Sneha Gupta,2024-04,20000
109,Sneha Gupta,2024-06,10000
109,Sneha Gupta,2024-08,10000
109,Sneha Gupta,2024-09,10000
109,Sneha Gupta,2024-10,72000
109,Sneha Gupta,2024-11,52000
109,Sneha Gupta,2024-12,140000
109,Sneha Gupta,2025-02,2000
109,Sneha Gupta,2025-06,52000
109,Sneha Gupta,2025-07,15000
110,Priya Patel,2024-03,62000
110,Priya Patel,2024-04,30000
110,Priya Patel,2024-05,72000
110,Priya Patel,2024-07,1000
110,Priya Patel,2024-08,70000
110,Priya Patel,2024-10,55000
110,Priya Patel,2024-11,210000
110,Priya Patel,2024-12,101000
110,Priya Patel,2025-01,10000
110,Priya Patel,2025-02,7000
110,Priya Patel,2025-03,70000
110,Priya Patel,2025-04,1000
110,Priya Patel,2025-05,1000
110,Priya Patel,2025-06,60000
110,Priya Patel,2025-07,70000
111,Arjun Nair,2024-03,63000
111,Arjun Nair,2024-05,100000
111,Arjun Nair,2024-06,112000
111,Arjun Nair,2024-07,30000
111,Arjun Nair,2024-08,120000
111,Arjun Nair,2024-09,50000
111,Arjun Nair,2024-10,70000
111,Arjun Nair,2024-11,45000
111,Arjun Nair,2024-12,7000
111,Arjun Nair,2025-01,64000
111,Arjun Nair,2025-02,24000
111,Arjun Nair,2025-03,2000
111,Arjun Nair,2025-04,150000
111,Arjun Nair,2025-05,51000
111,Arjun Nair,2025-06,71000
111,Arjun Nair,2025-07,47000
111,Arjun Nair,2025-08,81000
112,Rhea Rastogi,2024-03,30000
112,Rhea Rastogi,2024-05,50000
112,Rhea Rastogi,2024-06,52000
112,Rhea Rastogi,2024-07,1000
112,Rhea Rastogi,2024-08,143000
112,Rhea Rastogi,2024-09,12000
112,Rhea Rastogi,2024-10,42000
112,Rhea Rastogi,2024-11,34000
112,Rhea Rastogi,2024-12,41000
112,Rhea Rastogi,2025-01,30000
112,Rhea Rastogi,2025-02,75000
112,Rhea Rastogi,2025-03,70000
112,Rhea Rastogi,2025-04,2000
112,Rhea Rastogi,2025-05,160000
112,Rhea Rastogi,2025-06,125000
112,Rhea Rastogi,2025-08,25000
113,Sneha Khan,2024-03,76000
113,Sneha Khan,2024-04,121000
113,Sneha Khan,2024-05,4000
113,Sneha Khan,2024-06,2000
113,Sneha Khan,2024-07,16000
113,Sneha Khan,2024-08,180000
113,Sneha Khan,2024-09,20000
113,Sneha Khan,2024-10,95000
113,Sneha Khan,2024-11,71000
113,Sneha Khan,2024-12,92000
113,Sneha Khan,2025-02,59000
113,Sneha Khan,2025-03,71000
113,Sneha Khan,2025-04,145000
113,Sneha Khan,2025-05,30000
113,Sneha Khan,2025-06,81000
113,Sneha Khan,2025-07,41000
113,Sneha Khan,2025-08,221000
114,Ritika Rastogi,2024-03,5000
114,Ritika Rastogi,2024-04,70000
114,Ritika Rastogi,2024-05,30000
114,Ritika Rastogi,2024-06,50000
114,Ritika Rastogi,2024-09,30000
114,Ritika Rastogi,2024-10,1000
114,Ritika Rastogi,2024-11,20000
114,Ritika Rastogi,2024-12,30000
114,Ritika Rastogi,2025-01,1000
114,Ritika Rastogi,2025-02,90000
114,Ritika Rastogi,2025-03,80000
114,Ritika Rastogi,2025-06,50000
114,Ritika Rastogi,2025-07,71000
114,Ritika Rastogi,2025-08,2000
115,Aman Iyer,2024-03,130000
115,Aman Iyer,2024-04,2000
115,Aman Iyer,2024-05,1000
115,Aman Iyer,2024-06,5000
115,Aman Iyer,2024-07,90000
115,Aman Iyer,2024-08,50000
115,Aman Iyer,2024-10,50000
115,Aman Iyer,2024-11,30000
115,Aman Iyer,2024-12,2000
115,Aman Iyer,2025-02,52000
115,Aman Iyer,2025-03,50000
115,Aman Iyer,2025-04,120000
115,Aman Iyer,2025-05,65000
115,Aman Iyer,2025-06,30000
115,Aman Iyer,2025-07,23000
115,Aman Iyer,2025-08,140000
116,Sneha Gupta,2024-03,80000
116,Sneha Gupta,2024-04,1000
116,Sneha Gupta,2024-06,10000
116,Sneha Gupta,2024-07,21000
116,Sneha Gupta,2024-09,30000
116,Sneha Gupta,2024-11,30000
116,Sneha Gupta,2024-12,70000
116,Sneha Gupta,2025-04,12000
117,Kabir Gupta,2024-03,70000
117,Kabir Gupta,2024-04,2000
117,Kabir Gupta,2024-06,10000
117,Kabir Gupta,2024-07,60000
117,Kabir Gupta,2024-10,77000
117,Kabir Gupta,2024-11,130000
117,Kabir Gupta,2024-12,61000
117,Kabir Gupta,2025-02,10000
117,Kabir Gupta,2025-03,2000
117,Kabir Gupta,2025-06,10000
117,Kabir Gupta,2025-07,30000
118,Aman Das,2024-03,10000
118,Aman Das,2024-04,140000
118,Aman Das,2024-05,50000
118,Aman Das,2024-06,5000
118,Aman Das,2024-07,5000
118,Aman Das,2024-09,10000
118,Aman Das,2024-11,30000
118,Aman Das,2024-12,24000
118,Aman Das,2025-01,5000
118,Aman Das,2025-02,31000
118,Aman Das,2025-03,1000
118,Aman Das,2025-07,30000
119,Rohan Rastogi,2024-03,121000
119,Rohan Rastogi,2024-07,12000
119,Rohan Rastogi,2024-09,5000
119,Rohan Rastogi,2024-10,20000
119,Rohan Rastogi,2024-11,22000
119,Rohan Rastogi,2024-12,80000
119,Rohan Rastogi,2025-02,54000
119,Rohan Rastogi,2025-03,50000
119,Rohan Rastogi,2025-07,60000
119,Rohan Rastogi,2025-08,32000
120,Arjun Nair,2024-03,126000
120,Arjun Nair,2024-04,136000
120,Arjun Nair,2024-05,65000
120,Arjun Nair,2024-06,80000
120,Arjun Nair,2024-07,43000
120,Arjun Nair,2024-08,35000
120,Arjun Nair,2024-09,49000
120,Arjun Nair,2024-10,62000
120,Arjun Nair,2024-11,50000
120,Arjun Nair,2024-12,100000
120,Arjun Nair,2025-01,132000
120,Arjun Nair,2025-02,20000
120,Arjun Nair,2025-03,72000
120,Arjun Nair,2025-04,55000
120,Arjun Nair,2025-05,100000
120,Arjun Nair,2025-06,163000
120,Arjun Nair,2025-07,29000
120,Arjun Nair,2025-08,60000
